{
  "datapath":"/media/sysucc99/data/ZTROOT/2017MainText/data/NPC/npc_A_excel_last.h5",
  "batch_size":64,
  "numepoch":135,
  "L2": 1.5032470703125,
  "dropout": 0.1899951171875,
  "learning_rate": 0.000525980458515722,
  "lr_decay": 0.0002817382812499998,
  "momentum": 0.83,
  "activation": "relu",
  "n_in": 8,
  "batch_norm": false,
  "hidden_layers_sizes": [48, 48,48,48]}
